study_id,split,reliable_contrasts,osf_title,tess_url,field_start_year,tess_page_reports_findings,publication,pub_year,pub_authors,pub_title,pub_venue,pub_url,pub_doi,citations,results_public,published,unclear,coder_a_public,coder_b_public,reconciliation
326nv,unseen,2,Anxious Politics: The effects of immigration anxiety on trust and attitudes,https://www.tessexperiments.org/study/albertson096,2010.0,False,yes,2015.0,"Bethany Albertson, Shana Kushner Gadarian",Anxious Politics: Democratic Citizenship in a Threatening World,Cambridge University Press,https://doi.org/10.1017/cbo9781139963107,10.1017/cbo9781139963107,565.0,True,True,False,True,True,agreed
345ms,seen,4,Is the Impending Majority-Minority United States Seen as a System Threat to White Americans?,https://www.tessexperiments.org/study/craig271,2012.0,True,yes,2014.0,"Maureen A. Craig, Jennifer A. Richeson",On the precipice of a 'majority-minority' America: Perceived status threat from the racial demographic shift affects White Americans' political ideology,Psychological Science,https://scholar.google.com/scholar?q=Craig+Richeson+%22precipice+of+a+majority-minority%22,,,True,True,False,True,True,agreed
3bzxg,seen,4,Do Attempts to Improve Respondent Attention Increase Social Desirability Bias?,https://www.tessexperiments.org/study/jerit315,2012.0,True,yes,2015.0,"Clifford, Scott, and Jennifer Jerit",Do Attempts to Improve Respondent Attention Increase Social Desirability Bias?,Public Opinion Quarterly,https://doi.org/10.1093/poq/nfv027,10.1093/poq/nfv027,96.0,True,True,False,True,True,agreed
3jwnf,seen,1,Deadly Divisions in Mass Pandemic Responses,https://www.tessexperiments.org/study/wronski1286,2020.0,False,no,,,,,,,,False,False,False,False,False,agreed
3muqx,unseen,9,Whom Do You Believe? Assessing Credibility of the Accuser and Accused in Sexual Assault,https://www.tessexperiments.org/study/hamiltonS31,2018.0,False,no,,,,,,,,False,False,False,False,False,agreed
3pcdm,unseen,5,Public Opinion and Attributions for Health Care Costs,https://www.tessexperiments.org/study/mccabeS19,2018.0,True,yes,2022.0,"McCabe, Katherine T.",Spreading the blame: personal experience and attribution for health care expenses,"Journal of Elections, Public Opinion and Parties",https://doi.org/10.1080/17457289.2022.2113089,10.1080/17457289.2022.2113089,2.0,True,True,False,True,True,agreed
3rvgz,unseen,3,Racialized Organizations and the Reproduction of Inequality: Assessing Support for Whiteness as a Credential and the Preservation of Racial Ignorance,https://www.tessexperiments.org/study/kmec1478,2022.0,True,no,,,,,,,,True,False,False,True,True,agreed
3xy9j,seen,4,An experiment on the presumption of consent to emergency medical treatment,https://www.tessexperiments.org/study/chiong300,2012.0,True,yes,2014.0,"Winston Chiong, Andrew S. Kim, Ivy A. Huang, Nita A. Farahany, et al.",Testing the Presumption of Consent to Emergency Treatment for Acute Ischemic Stroke,Journal of the American Medical Association 311(16): 1689-1691,https://scholar.google.com/scholar?q=Chiong+%22Testing+the+Presumption+of+Consent+to+Emergency+Treatment+for+Acute+Ischemic+Stroke%22,,18.0,True,True,False,True,True,agreed
3ydty,seen,5,The Division of Labor in Same-sex and Heterosexual Households,https://www.tessexperiments.org/study/doan663,2015.0,False,yes,2018.0,"Doan, Long, and Natasha Quadlin",Partner Characteristics and Perceptions of Responsibility for Housework and Child Care,Journal of Marriage and Family,https://doi.org/10.1111/jomf.12526,10.1111/jomf.12526,62.0,True,True,False,True,True,agreed
48p7y,seen,1,"The Mechanisms of Labor Market Discrimination: How Sex, Gender Role, and Sexual Orientation Treatments Impact Evaluations of Black Male Job Applicants",https://www.tessexperiments.org/study/pedulla170,2011.0,True,yes,2014.0,"Pedulla, David S.","The Positive Consequences of Negative Stereotypes: Race, Sexual Orientation, and the Job Application Process",Social Psychology Quarterly,https://doi.org/10.1177/0190272513506229,10.1177/0190272513506229,202.0,True,True,False,True,True,agreed
4fsg5,seen,99,Accounting for the Correlation between Perceived Risks and Rewards to Crime,https://www.tessexperiments.org/study/bucci1408,2021.0,False,no,,,,,,,,False,False,False,False,False,agreed
4kjtn,seen,6,Assessing the Breadth of Framing Effects,https://www.tessexperiments.org/study/hopkins145,2011.0,True,yes,2017.0,"Hopkins, Daniel J., and Jonathan Mummolo",Assessing the Breadth of Framing Effects,Quarterly Journal of Political Science,https://doi.org/10.1561/100.00015139,10.1561/100.00015139,38.0,True,True,False,True,True,agreed
4n986,seen,33,The Political Effects of Opioid Addiction Frames,https://www.tessexperiments.org/study/raychaudhuri1265,2020.0,True,yes,2023.0,"Tanika Raychaudhuri, Tali Mendelberg, Anne McDonough",The Political Effects of Opioid Addiction Frames,The Journal of Politics,https://scholar.google.com/scholar?q=Raychaudhuri+Mendelberg+%22Political+Effects+of+Opioid+Addiction+Frames%22,10.1086/720326,15.0,True,True,False,True,True,agreed
4rqy5,seen,1,The Effect of News Coverage Celebrating Inclusion in Congress,https://www.tessexperiments.org/study/huffmannM15,2022.0,True,no,,,,,,,,True,False,False,True,True,agreed
4w9pz,seen,5,When and How Teachers Communicate Growth Mindset Affordances to Adolescents,https://www.tessexperiments.org/study/hecht1248,2020.0,True,yes,2022.0,"Cameron A. Hecht, Carol S. Dweck, Mary C. Murphy, Kathryn M. Kroeper, and David S. Yeager",Efficiently exploring the causal role of contextual moderators in behavioral science,"Proceedings of the National Academy of Sciences, 120(1)",https://www.pnas.org/doi/10.1073/pnas.2216315120,10.1073/pnas.2216315120,60.0,True,True,False,True,True,agreed
4zscf,seen,13,Precarious Sexuality and Categorization of Sexual Orientation,https://www.tessexperiments.org/study/mizeBR49,2015.0,True,yes,2015.0,"Mize, Trenton D., and Bianca Manago",Precarious Sexuality: How Men and Women Are Differentially Categorized and Evaluated for Similar Sexual Behavior,American Sociological Review,https://doi.org/10.1177/0003122418759544,10.1177/0003122418759544,72.0,True,True,False,True,True,agreed
4zwv2,seen,61,Do Injustice and Power Determine Anger and Fear Toward Terrorist Groups?,https://www.tessexperiments.org/study/ginersorolla136,2011.0,True,yes,2013.0,"Giner-Sorolla, Roger, Angela T. Maitner","Angry at the Unjust, Scared of the Powerful: Emotional Responses to Terrorist Threat",Personality and Social Psychology Bulletin,https://doi.org/10.1177/0146167213490803,10.1177/0146167213490803,36.0,True,True,False,True,True,agreed
52ymc,seen,2,Do White Americans’ Beliefs about Racial Inequality depend on the Sex of the Target Group? Evidence from a Survey Based Experiment,https://www.tessexperiments.org/study/behrends1417,2021.0,False,no,,,,,,,,False,False,False,False,False,agreed
5an26,unseen,4,Gender and Physical Attractiveness as Status Beliefs,https://www.tessexperiments.org/study/paustianunderdahl098,2011.0,True,yes,2015.0,Samantha C. Paustian-Underdahl and Lisa Slattery Walker,Revisiting the beauty is beastly effect: examining when and why sex and attractiveness impact hiring judgments,"The International Journal of Human Resource Management, 27(10), 1034-1058",https://www.tandfonline.com/doi/abs/10.1080/09585192.2015.1053963,10.1080/09585192.2015.1053963,43.0,True,True,False,True,True,agreed
5b6tf,seen,4,"Social Class, College Debt, and the Purpose of College",https://www.tessexperiments.org/study/cohen1099,2019.0,False,no,,,,,,,,False,False,False,False,False,agreed
5g882,seen,1,Understanding How Individual Differences and Context Shape Media Effects,https://www.tessexperiments.org/study/arceneaux558,2014.0,True,no,,,,,,,,True,False,False,True,True,adjudicated
6khjm,seen,20,Vignette Order and the Measurement of Subjective Well-Being,https://www.tessexperiments.org/study/patelM5,2022.0,False,no,,,,,,,,False,False,False,False,False,agreed
6s2q5,seen,3,Are Population-Based Survey Experiments Truly Unparalleled? A Test Using Parallel Designs,https://www.tessexperiments.org/study/leeper354,2012.0,True,yes,2014.0,"Kevin J. Mullinix, Thomas J. Leeper, James N. Druckman, Jeremy Freese",The Generalizability of Survey Experiments,Journal of Experimental Political Science 2(2): 109-138 (online 12 Jan 2016); earlier Northwestern IPR Working Paper WP-14-19,https://doi.org/10.1017/XPS.2015.19,10.1017/XPS.2015.19,1275.0,True,True,False,True,True,adjudicated
6wbd7,seen,9,Does Elite Philanthropy Increase Support for Plutocracy?,https://www.tessexperiments.org/study/schnabel1440,2021.0,False,no,,,,,,,,False,False,False,False,False,agreed
7jt2f,unseen,15,When Others' Disbelief Engenders Prejudice: Characterizing Anti-Atheist Bias in America,https://www.tessexperiments.org/study/swan095,2010.0,True,yes,2012.0,"Lawton K. Swan, Martin Heesacker",Anti-atheist bias in the United States: Testing two critical assumptions,"Secularism and Nonreligion, 1, 32-42",http://www.secularismandnonreligion.org/index.php/snr/article/view/11,,65.0,True,True,False,True,True,agreed
7rt4q,seen,109,Gender Inequality in Product Markets,https://www.tessexperiments.org/study/Tak862,2017.0,True,yes,2019.0,"Tak, Elise, Shelley J. Correll, and Sarah A. Soule",Gender Inequality in Product Markets: When and How Status Beliefs Transfer to Products,Social Forces,https://doi.org/10.1093/sf/soy125,10.1093/sf/soy125,58.0,True,True,False,True,True,agreed
8jv6a,seen,42,"International Law, (Non)Compliance, and Domestic Audience Costs",https://www.tessexperiments.org/study/wallaceS9,2017.0,True,no,,,,,,,,True,False,False,True,True,agreed
9263n,seen,12,"To Do, to Have, or to Share? Valuing Experiences and Material Possessions by Involving Others",https://www.tessexperiments.org/study/caprariello130,2011.0,False,yes,2013.0,"Caprariello, Peter A.; Reis, Harry T.","To do, to have, or to share? Valuing experiences over material possessions depends on the involvement of others",Journal of Personality and Social Psychology,https://pubmed.ncbi.nlm.nih.gov/23276272/,10.1037/a0030953,299.0,True,True,False,True,True,agreed
98muc,seen,2,Displaced International Punishment,https://www.tessexperiments.org/study/liberman073,2010.0,False,no,,,,,,,,False,False,False,True,False,adjudicated
9nphm,unseen,18,Telling the Story Right: Explaining Support for Transgender and Non-Binary Rights,https://www.tessexperiments.org/study/schaadS62,2020.0,False,no,,,,,,,,False,False,False,False,True,adjudicated
9xw67,seen,9,Blame and Bias in Trust in Public Policy Algorithms,https://www.tessexperiments.org/study/ozer1324,2021.0,False,yes,2024.0,"Adam L. Ozer, Philip D. Waggoner, Ryan Kennedy",The Paradox of Algorithms and Blame on Public Decision-makers,Business and Politics 26: 200-217,https://doi.org/10.1017/bap.2023.35,10.1017/bap.2023.35,5.0,True,True,False,True,True,agreed
a5v96,unseen,32,What fosters patients’ acceptance of Clinical Decision Support Systems? The influence of knowledge and provider type on popular willingness to use artificial medical intelligence,https://www.tessexperiments.org/study/mclaughlin672,2015.0,True,no,,,,,,,,True,False,False,True,True,agreed
a693y,unseen,18,Effects of deliberative minipublics on public opinion: experimental evidence from a survey on Social Security reform,https://www.tessexperiments.org/study/ingham423,2013.0,False,yes,2017.0,"Ingham, Sean; Levin, Ines",Effects of Deliberative Minipublics on Public Opinion: Experimental Evidence from a Survey on Social Security Reform,International Journal of Public Opinion Research,https://doi.org/10.1093/ijpor/edw030,10.1093/ijpor/edw030,44.0,True,True,False,True,True,agreed
a7uk3,unseen,3,Can Factual Misperceptions be Corrected? An Experiment on American Public Fears of Terrorism,https://www.tessexperiments.org/study/silverman1035,2018.0,True,yes,2021.0,"Silverman, Daniel, Daniel Kent, and Christopher Gelpi",Putting Terror in Its Place: An Experiment on Mitigating Fears of Terrorism among the American Public,Journal of Conflict Resolution,https://doi.org/10.1177/00220027211036935,10.1177/00220027211036935,3.0,True,True,False,True,True,agreed
ac9jm,seen,3,Understanding the Role of Religious Appeals in Political Communication,https://www.tessexperiments.org/study/weber046,2010.0,True,yes,2012.0,"Weber, Christopher, and Matthew Thornton",Courting Christians: How Political Candidates Prime Religious Considerations in Campaign Ads,Journal of Politics,https://doi.org/10.1017/s0022381611001617,10.1017/s0022381611001617,87.0,True,True,False,True,True,agreed
ak35q,unseen,32,"Price Disclosure Laws for Direct-to-Consumer Pharmaceutical Advertising: Price Transparency, Information Asymmetry and Consumer Behavior",https://www.tessexperiments.org/study/hollin1121,2019.0,False,yes,2021.0,"Hollin, Ilene L., et al.",Attention to price disclosures in direct-to-consumer prescription drug advertising and the impact on drug perceptions,Research in Social and Administrative Pharmacy,https://doi.org/10.1016/j.sapharm.2021.11.003,10.1016/j.sapharm.2021.11.003,3.0,True,True,False,True,True,agreed
ams2u,seen,2,The Electoral Consequences of Elite-Induced Opinion Change,https://www.tessexperiments.org/study/peterson757,2016.0,True,yes,2018.0,Erik Peterson and Gabor Simonovits,The Electoral Consequences of Issue Frames,"The Journal of Politics, 80(4), 1283-1296",https://www.journals.uchicago.edu/doi/full/10.1086/698886,10.1086/698886,12.0,True,True,False,True,True,agreed
ar9e3,seen,4,What Motivates Interest in Politics?,https://www.tessexperiments.org/study/groenendykS79,2021.0,True,yes,2024.0,"Eric Groenendyk, Yanna Krupnikov, John Barry Ryan, Elizabeth C. Connors","Selecting Out of ""Politics"": The Self-Fulfilling Role of Conflict Expectation",American Political Science Review 119(1): 40-55 (FirstView 16 Feb 2024),https://doi.org/10.1017/S0003055423001417,10.1017/S0003055423001417,20.0,True,True,False,True,True,adjudicated
b5a4z,seen,2,Misperceptions of the Global Income Distribution and Preferences for Cross-National Redistribution in the United States,https://www.tessexperiments.org/study/nair644,2015.0,True,yes,2015.0,Gautam Nair,Misperceptions of Relative Affluence and Support for International Redistribution,"The Journal of Politics, 80(3), 815-830",https://www.journals.uchicago.edu/doi/10.1086/696991,10.1086/696991,71.0,True,True,False,True,True,agreed
bsd7j,seen,2,“The Taxpayer Gap”: Perceptions of the Taxpaying Population and Opposition to Welfare Spending,https://www.tessexperiments.org/study/williamson859,2017.0,False,no,,,,,,,,False,False,False,False,False,agreed
bvkfc,seen,4,Does Allowing Firms to Pay to Pollute Reduce the Moral Stigma of Pollution?,https://www.tessexperiments.org/study/kim1585,2023.0,True,yes,2024.0,Hajin Kim,Does Paying to Pollute Make Pollution Seem Less Bad?,"SSRN working paper (later Journal of Law & Empirical Analysis 2(1): 97-120, online 3 Apr 2025)",https://ssrn.com/abstract=4990747,10.2139/ssrn.4990747,0.0,True,True,False,True,True,adjudicated
bwgjp,seen,1,"Public Fears of Terrorism, Partisan Rhetoric, and the Foundations of American Interventionism",,,False,yes,2021.0,"Daniel Silverman, Daniel Kent, Christopher Gelpi",Putting Terror in Its Place: An Experiment on Mitigating Fears of Terrorism among the American Public,Journal of Conflict Resolution 66(2): 191-216 (online 11 Aug 2021),https://doi.org/10.1177/00220027211036935,10.1177/00220027211036935,3.0,True,True,False,False,True,adjudicated
c5r2f,unseen,14,Do Policy Defaults Communicate Choice-Relevant Information?,https://www.tessexperiments.org/study/tannenbaum103,2010.0,False,no,,,,,,,,False,False,False,False,False,agreed
cdgp2,seen,1,"Ballot Privacy, Voter Coercion and the 2020 US General Election",https://www.tessexperiments.org/study/komisarchik1422,2021.0,True,no,,,,,,,,True,False,False,True,True,agreed
cmxkt,seen,252,The Determinants of Congressional Voting,https://www.tessexperiments.org/study/donovan184,2011.0,True,yes,2012.0,"Kathleen M. Donovan, Andrew J. O'Geen, and Matthew J. Lebo",The Electoral Consequences of Legislative Success,"Paper presented at the Midwest Political Science Association Annual Meeting, Chicago, IL, April 12-15, 2012",https://www.tessexperiments.org/sup/DonovanMPSAPaper.pdf,,,True,True,False,True,True,agreed
cug34,seen,1,Public Perception of Money in Families,https://www.tessexperiments.org/study/pepin791,2016.0,True,yes,2017.0,"Pepin, Joanna","Normative Beliefs about Money in Families: Balancing Togetherness, Autonomy, and Equality",OSF Preprints,https://osf.io/xtz69,,0.0,True,True,False,True,True,agreed
d3agv,seen,2,The Effects of Racial and Economic Threat on Support for the 2016 Presidential Candidates,https://www.tessexperiments.org/study/willer845,2016.0,False,yes,2021.0,"Sheridan A. Stewart, Robb Willer",The effects of racial status threat on White Americans' support for Donald Trump: Results of five experimental tests,Group Processes & Intergroup Relations 25(3): 791-810 (online 18 Oct 2021),https://doi.org/10.1177/13684302211048893,10.1177/13684302211048893,21.0,True,True,False,True,False,adjudicated
dh3nj,seen,96,Public Perceptions of Prenatal Alcohol Consumption,https://www.tessexperiments.org/study/calarcoS38,2019.0,False,no,,,,,,,,False,False,False,False,False,agreed
e2pyb,seen,2,Health-Related Racial Inequality Motivates Support for Action,https://www.tessexperiments.org/study/brownM10,2022.0,True,yes,2023.0,"Brown, Riana M., Pia Dietze, and Maureen A. Craig",Highlighting health consequences of racial disparities sparks support for action,Science,https://doi.org/10.1126/science.adh4262,10.1126/science.adh4262,15.0,True,True,False,True,True,agreed
e45hu,seen,2,Racial Bias in Perceptions of Others’ Pain,https://www.tessexperiments.org/study/trawalter210,2011.0,True,no,,,,,,,,True,False,False,True,True,agreed
ef6my,seen,1,All in the Family: The Effects of Familial Attitudes on Women’s Support for Pro-Women Policies,https://www.tessexperiments.org/study/morell1263,2020.0,True,yes,2024.0,"Morell, Sara; Hahn, Lauren; Ostfeld, Mara",Engendering equality: Unraveling the influence of family cues on young men's attitudes toward women's rights,Political Psychology,https://onlinelibrary.wiley.com/doi/abs/10.1111/pops.13063,10.1111/pops.13063,0.0,True,True,False,True,True,agreed
egmxd,seen,4,Do Sustainability Labels Lead to More Sustainable and Healthier Food Choices?,https://www.tessexperiments.org/study/wolfson1443,2021.0,True,yes,2022.0,"Wolfson, Julia A., Aviva A. Musicus, Cindy W. Leung, Ashley N. Gearhardt, Jennifer Falbe",Effect of Climate Change Impact Menu Labels on Fast Food Ordering Choices Among US Adults: A Randomized Clinical Trial,JAMA Network Open,https://jamanetwork.com/journals/jamanetworkopen/fullarticle/2799947,10.1001/jamanetworkopen.2022.48320,45.0,True,True,False,True,True,agreed
es4xw,seen,15,Perceptions of Diversity Across Groups,https://www.tessexperiments.org/study/bauman024,2010.0,True,yes,2014.0,"Bauman, Christopher W., Sophie Trawalter, and Miguel M. Unzueta",Diverse According to Whom? Racial Group Membership and Concerns about Discrimination Shape Diversity Judgments,Personality and Social Psychology Bulletin,https://doi.org/10.1177/0146167214543881,10.1177/0146167214543881,43.0,True,True,False,True,True,agreed
fct42,seen,1,What Counts as Racism? How Conceptual Disagreement Fuels Social and Political Division,https://www.tessexperiments.org/study/groenendyk1419,2021.0,True,no,,,,,,,,True,False,False,True,True,agreed
fxcn4,seen,1,Do Victims’ Race and Gender Identity Interact to Predict the Perceived Credibility of Sexual Harassment Claims?,https://www.tessexperiments.org/study/mezzapelle1439,2021.0,True,yes,2023.0,"Mezzapelle, Jennifer L., and Anna-Kaisa Reiman",Do Sexual Harassment Claimants' Gender Identity and Race Influence Third-Party Observers' Assumptions About the Harassment Incident?,Psychology of Women Quarterly,https://doi.org/10.1177/03616843241252658,10.1177/03616843241252658,1.0,True,True,False,True,True,agreed
gdrbk,seen,26,Polls that Matter: Dynamics of Horse Race Polling and Public Evaluation of Poll Reports,https://www.tessexperiments.org/study/kuruBR67,2016.0,False,yes,2017.0,"Kuru, Ozan, Josh Pasek, Michael W. Traugott",Motivated Reasoning in the Perceived Credibility of Public Opinion Polls,Public Opinion Quarterly,https://doi.org/10.1093/poq/nfx018,10.1093/poq/nfx018,91.0,True,True,False,True,True,agreed
gzdnf,seen,6,But how do you feel about climate change? Assessing affective reactions to climate change,https://www.tessexperiments.org/study/swim059,2010.0,True,yes,2014.0,"Swim, Janet K., and Brittany Bloodhart",Portraying the Perils to Polar Bears: The Role of Empathic and Objective Perspective-Taking Toward Animals in Climate Change Communication,Environmental Communication,https://doi.org/10.1080/17524032.2014.987304,10.1080/17524032.2014.987304,131.0,True,True,False,True,True,agreed
hjn6m,seen,5,Judgments of Extremism and Social Information,https://www.tessexperiments.org/study/busby1344,2021.0,True,no,,,,,,,,True,False,False,True,True,agreed
hu45w,seen,6,Factors Affecting Public Opinion on Transgender Medical Care Refusal,https://www.tessexperiments.org/study/grace1119,2019.0,True,yes,2022.0,"Doan, Long; Grace, Matthew K.",Factors Affecting Public Opinion on the Denial of Healthcare to Transgender Persons,American Sociological Review,https://doi.org/10.1177/00031224221082233,10.1177/00031224221082233,16.0,True,True,False,True,True,agreed
hz5rt,seen,1,Is Congress More Polarized than the Public Because it is More Informed than the Public?,https://www.tessexperiments.org/study/lauderdale028,2010.0,True,yes,2013.0,"Lauderdale, Benjamin E.",Does Inattention to Political Debate Explain the Polarization Gap Between the U.S. Congress and Public?,Public Opinion Quarterly,,,,True,True,False,True,True,agreed
j38gd,seen,1,Gender and Non-Attitudes on Foreign Policy,https://www.tessexperiments.org/study/kleinberg305,2012.0,True,yes,2017.0,"Kleinberg, Katja B., and Benjamin O. Fordham","Don't Know Much about Foreign Policy: Assessing the Impact of ""Don't Know"" and ""No Opinion"" Responses on Inferences about Foreign Policy Attitudes",Foreign Policy Analysis,https://doi.org/10.1093/fpa/orw060,10.1093/fpa/orw060,34.0,True,True,False,True,True,agreed
j6xgs,seen,4,"Introducing a Novel Framework for Understanding The Relationships Between Busyness, Idleness, and Happiness",https://www.tessexperiments.org/study/rifkin1073,2019.0,True,no,,,,,,,,True,False,False,True,True,agreed
j986z,seen,14,An Imperfect Match? How Gender and Race Influence Perceptions of Job Applicants by Qualification Levels,https://www.tessexperiments.org/study/weisshaar1206,2020.0,True,no,,,,,,,,True,False,False,True,True,agreed
jkspw,unseen,1,Behavioral Reactions to Skin Infections: Informing Agent-Based Modeling of the MRSA Epidemic,https://www.tessexperiments.org/study/wegener185,2011.0,False,yes,2014.0,"Wilder, Jocelyn R., Duane T. Wegener, Michael Z. David, Charles Macal, Robert Daum, Diane S. Lauderdale","A National Survey of Skin Infections, Care Behaviors and MRSA Knowledge in the United States",PLoS ONE,https://doi.org/10.1371/journal.pone.0104277,10.1371/journal.pone.0104277,9.0,True,True,False,True,True,agreed
k9ahx,seen,4,Assessing the Stability of Value Systems in the Mass Public,https://www.tessexperiments.org/study/ciuk034,2010.0,True,yes,2011.0,"Ciuk, David J.",Value System Stability in the Mass Public,"Doctoral Dissertation, Michigan State University",https://d.lib.msu.edu/etd/373,,,True,True,False,True,True,agreed
kryns,seen,6,The Future of Latinos’ Policy Attitudes Amid the Rising Diversity in the United States,https://www.tessexperiments.org/study/vega1526,2022.0,False,no,,,,,,,,False,False,False,False,False,agreed
kv3sd,seen,7,Perceptions of Legality and Civil Justice,https://www.tessexperiments.org/study/taylorpoppe1574,2023.0,False,no,,,,,,,,False,False,False,False,False,agreed
m52pd,seen,2,Women’s College Advantage and Public Perception of College Value in the Labor Market,https://www.tessexperiments.org/study/Mireles1019,2018.0,True,yes,2020.0,Amanda Mireles,The Constraints of Progress: College Feminization and the Value of the College Degree,"PhD dissertation, Stanford University",https://iriss.stanford.edu/publications/constraints-progress-college-feminization-and-value-college-degree,,,True,True,False,True,True,agreed
mebng,seen,25,"New generation, new notion of news? Measuring news-ness based on relevance, topic, and context among teens",https://www.tessexperiments.org/study/vraga1239,2020.0,True,yes,2023.0,"Vraga, Emily K.; Edgerly, Stephanie",Relevance as a Mechanism in Evaluating News-Ness among American Teens and Adults,Digital Journalism,https://www.tandfonline.com/doi/full/10.1080/21670811.2023.2250829,10.1080/21670811.2023.2250829,6.0,True,True,False,True,True,agreed
mebw9,seen,6687,"Which College Graduates are Perceived as Trainable for Today’s Work World? Perceptions of Race, Gender, Achievement, and the Liberal Arts",https://www.tessexperiments.org/study/quadlin1348,2021.0,False,no,,,,,,,,False,False,False,False,False,agreed
mp3dr,seen,13,Americans' Support for Workplace Interventions for Combating Racial and Gender Bias: The Impact of Policy Justifications and Inequality Beliefs,https://www.tessexperiments.org/study/bielby276,2012.0,True,no,,,,,,,,True,False,False,True,True,agreed
mzm26,seen,3,"Helping the Homeless: Empathy, Race, and Perceptions of Homelessness in America",https://www.tessexperiments.org/study/gross646,2014.0,False,yes,2019.0,"Kimberly Gross, Julie Wronski","Helping the Homeless: The Role of Empathy, Race and Deservingness in Motivating Policy Support and Charitable Giving",Political Behavior,https://doi.org/10.1007/s11109-019-09562-9,10.1007/s11109-019-09562-9,59.0,True,True,False,True,True,agreed
n96d8,seen,1,"Gun Control, Attitude Change, and Bayesian Updating",https://www.tessexperiments.org/study/guess742,2016.0,True,yes,2017.0,"Guess, Andrew M., and Alexander Coppock",Does Counter-Attitudinal Information Cause Backlash? Results from Three Large Survey Experiments,British Journal of Political Science,https://doi.org/10.1017/s0007123418000327,10.1017/s0007123418000327,383.0,True,True,False,True,True,agreed
nb4xg,seen,14,A Randomized Experiment to Test the Effects of Message Frames on Social Stigma and Support for Punitive Policies towards Individuals with Prior Drug Convictions,https://www.tessexperiments.org/study/bandara1015,2018.0,True,yes,2020.0,"Bandara, Sachini, Emma E. McGinty, and Colleen L. Barry",Message Framing to Reduce Stigma and Increase Support for Policies to Improve the Wellbeing of People with Prior Drug Convictions,International Journal of Drug Policy,https://doi.org/10.1016/j.drugpo.2019.102643,10.1016/j.drugpo.2019.102643,47.0,True,True,False,True,True,agreed
ncs7k,seen,1,"Cancel Culture for Friends, Consequence Culture for Enemies: The Effects of Ideological Congruence on Perceptions of Free Speech",https://www.tessexperiments.org/study/faheyS78,2021.0,True,yes,2022.0,"Fahey, James J., Damon C. Roberts, and Stephen M. Utych",Principled or Partisan? The Effect of Cancel Culture Framings on Support for Free Speech,American Politics Research,https://doi.org/10.1177/1532673X221087601,10.1177/1532673X221087601,27.0,True,True,False,True,True,agreed
ndhyr,seen,139,Patient Responses to Medical Error Disclosure: Does Compensation Matter?,https://www.tessexperiments.org/study/mello037,2010.0,True,yes,2012.0,"Lindsey Murtagh, Thomas H. Gallagher, Penny Andrew, and Michelle M. Mello",Disclosure-And-Resolution Programs That Include Generous Compensation Offers May Prompt A Complex Patient Response,"Health Affairs, 31(12), 2681-2689",https://www.healthaffairs.org/doi/10.1377/hlthaff.2012.0185,10.1377/hlthaff.2012.0185,36.0,True,True,False,True,True,agreed
nst3w,seen,7,How Candidate Race Conditions Voter Responses to Negative Ads,https://www.tessexperiments.org/study/krupnikov245,2011.0,True,yes,2015.0,Yanna Krupnikov and Spencer Piston,Accentuating the Negative: Candidate Race and Campaign Strategy,"Political Communication, 32(1), 152-173",https://www.tandfonline.com/doi/full/10.1080/10584609.2014.914612,10.1080/10584609.2014.914612,57.0,True,True,False,True,True,agreed
pjneh,seen,6,Optimizing Surveys: Studying Gender and Health Among LGBT Americans,https://www.tessexperiments.org/study/saperstein1530,2022.0,False,no,,,,,,,,False,False,False,False,False,agreed
py9kw,unseen,14,Reframing Women’s Issues: How Intersectional Identity Frames Affect Women’s Political Attitudes,https://www.tessexperiments.org/study/browerS27,2018.0,True,yes,2022.0,Margaret Perez Brower,Reframing Gendered Issues: Intersectional Identity Frames and Policy Agendas,Political Behavior 46: 331-353 (online 7 Nov 2022; issue 2024),https://doi.org/10.1007/s11109-022-09833-y,10.1007/s11109-022-09833-y,3.0,True,True,False,True,True,adjudicated
q8ra3,seen,1,"Human Rights Shaming, Compliance, and Nationalist Backlash",https://www.tessexperiments.org/study/terman1029,2018.0,True,yes,2023.0,Rochelle Terman,The Geopolitics of Shaming: When Human Rights Pressure Works—and When It Backfires,Princeton University Press,https://doi.org/10.1515/9780691250496,10.1515/9780691250496,57.0,True,True,False,True,True,agreed
q9w6s,seen,22,Candidate Asian-ness and Descriptive Representativeness,https://www.tessexperiments.org/study/wu1435,2021.0,True,yes,2023.0,"Wu, Jennifer D.",National Origin Identity and Descriptive Representativeness: Understanding Preferences for Asian Candidates and Representation,Public Opinion Quarterly,https://doi.org/10.1093/poq/nfad054,10.1093/poq/nfad054,4.0,True,True,False,True,True,agreed
qkhdg,unseen,2,Understanding Ideal Descriptive Representation,https://www.tessexperiments.org/study/senS81,2021.0,False,no,,,,,,,,False,False,False,False,False,agreed
qmfy4,seen,54,Why Hillary Rodham Became Hillary Clinton: Consequences of Non-Traditional Last Name Choice in Marriage,https://www.tessexperiments.org/study/shafer012,2010.0,True,yes,2017.0,"Shafer, Emily Fitzgibbons",Hillary Rodham Versus Hillary Clinton: Consequences of Surname Choice in Marriage,Gender Issues,https://link.springer.com/article/10.1007/s12147-016-9182-5,10.1007/s12147-016-9182-5,15.0,True,True,False,True,True,agreed
r5hwx,seen,6,"Race, Religion, and American Support for Humanitarian Intervention",https://www.tessexperiments.org/study/chu958,2018.0,True,yes,2018.0,"Chu, Jonathan; Lee, Carrie","Race, Religion, and American Support for Humanitarian Intervention","Working paper, presented at 2018 APSA Annual Meeting",https://www.jonathanchu.org/research.html,,6.0,True,True,False,True,True,agreed
rj3aw,unseen,12,How Candidates Can Signal Sincerity in an Era of Cynicism,https://www.tessexperiments.org/study/clifford1222,2020.0,True,yes,2024.0,"Clifford, Scott, Elizabeth N. Simas","Moral Rhetoric, Extreme Positions, and Perceptions of Candidate Sincerity",Political Behavior,https://link.springer.com/article/10.1007/s11109-022-09835-w,10.1007/s11109-022-09835-w,3.0,True,True,False,True,True,agreed
rs65g,seen,4,Do Better Labels Lead to Better Choices? Evidence from Energy-Efficiency Labels,https://www.tessexperiments.org/study/metcalf541,2013.0,True,yes,2014.0,"Davis, Lucas W., Gilbert E. Metcalf",Does Better Information Lead to Better Choices? Evidence from Energy-Efficiency Labels,Journal of the Association of Environmental and Resource Economists,https://www.journals.uchicago.edu/doi/abs/10.1086/686252,10.1086/686252,127.0,True,True,False,True,True,agreed
s2rd5,seen,7,Public Attitudes about Political Equality,https://www.tessexperiments.org/study/flavin235,2011.0,True,no,,,,,,,,True,False,False,True,True,agreed
s43kb,unseen,40,How Conflict Orientation Influences Emotional and Political Responses to Incivility,https://www.tessexperiments.org/study/sydnor770,2016.0,True,yes,2019.0,"Sydnor, Emily",Disrespectful Democracy: The Psychology of Political Incivility,Columbia University Press,https://cup.columbia.edu/book/disrespectful-democracy/9780231189255/,10.7312/sydn18924,89.0,True,True,False,True,True,agreed
usywt,seen,3,Distributive Justice in American Healthcare,https://www.tessexperiments.org/study/barnesS26,2018.0,False,no,,,,,,,,False,False,False,False,False,agreed
v6kqy,seen,12,The Tesla effect: Increasing Republican support for electric vehicle adoption through engagement with a value-aligned product,https://www.tessexperiments.org/study/rode1532,2022.0,True,no,,,,,,,,True,False,False,True,True,agreed
v6nhw,seen,7,Burden Sharing and Collective Action: A Study of Opinion on Opioid Treatment Funding,https://www.tessexperiments.org/study/hankinsonS22,2018.0,True,yes,2019.0,"Justin de Benedictis-Kessner, Michael Hankinson",Concentrated Burdens: How Self-Interest and Partisanship Shape Opinion on Opioid Treatment Policy,American Political Science Review 113(4): 1078-1084,https://scholar.google.com/scholar?q=%22Concentrated+Burdens%22+Hankinson+%22de+Benedictis-Kessner%22,,51.0,True,True,False,True,True,agreed
vemrp,seen,32,Accidental Environmentalists: Examining the Effect of Income on Positive Social Evaluations of Environmentally-Friendly Lifestyles,https://www.tessexperiments.org/study/kennedy1017,2018.0,True,yes,2019.0,Emily Huddart Kennedy and Christine Horne,Accidental environmentalist or ethical elite? The moral dimensions of environmental impact,"Poetics, 82, 101448",https://www.sciencedirect.com/science/article/abs/pii/S0304422X19302992,10.1016/j.poetic.2020.101448,10.0,True,True,False,True,True,agreed
vnm9y,unseen,7,Political Cue Taking on Social Media Among Teens,https://www.tessexperiments.org/study/arceneaux1261,2020.0,True,no,,,,,,,,True,False,False,True,True,adjudicated
w72cz,unseen,12,Can masking of video data reduce perceived invasion of privacy?,https://www.tessexperiments.org/study/downs030,2010.0,True,no,,,,,,,,True,False,False,True,True,agreed
w7mnc,seen,10,Consuming Values: Estimating Consumer Demand for Corporate Social Responsibility,https://www.tessexperiments.org/study/conway1415,2021.0,True,no,,,,,,,,True,False,False,True,True,adjudicated
wmsah,seen,17,Equivalency Framing of Societal Problems and Policy Solutions,https://www.tessexperiments.org/study/stoker1063,2019.0,True,no,,,,,,,,True,False,False,True,True,agreed
wn3y9,unseen,8,Untangling a Dislike for the Opposing Party from a Dislike of Parties,https://www.tessexperiments.org/study/klarBR57,2015.0,True,yes,2018.0,"Klar, Samara; Krupnikov, Yanna; Ryan, John Barry",Affective Polarization or Partisan Disdain?: Untangling a Dislike for the Opposing Party from a Dislike of Partisanship,Public Opinion Quarterly,https://doi.org/10.1093/poq/nfy014,10.1093/poq/nfy014,226.0,True,True,False,True,True,agreed
x2ztf,seen,3,Two-Sided Collective Action: An Experimental Study of Grocery Consumers’ Behavior,https://www.tessexperiments.org/study/elliott-negri1320,2021.0,False,no,,,,,,,,False,False,False,False,False,agreed
xc4yq,seen,1,"Terrorist Threat: Overreactions, Underreactions, and Realistic Reaction",https://www.tessexperiments.org/study/thompson157,2011.0,False,no,,,,,,,,False,False,False,False,False,agreed
xtvu5,unseen,2,Effects of Misinformation News Coverage on Media Trust,https://www.tessexperiments.org/study/thorsonS42,2019.0,True,yes,2024.0,Emily Thorson,How News Coverage of Misinformation Shapes Perceptions and Trust,Cambridge University Press (Cambridge Elements),https://scholar.google.com/scholar?q=Thorson+%22How+news+coverage+of+misinformation+shapes%22,,35.0,True,True,False,True,True,agreed
xvgh5,seen,18,Racial Prejudice and Paternalism in Mass Support for Foreign Aid,https://www.tessexperiments.org/study/baker035,2011.0,True,yes,2011.0,"Baker, Andy","Race, Paternalism, and Foreign Aid: Evidence from U.S. Public Opinion",American Political Science Review,https://doi.org/10.1017/S0003055414000549,10.1017/S0003055414000549,103.0,True,True,False,True,True,agreed
xweq8,seen,5,Whose is the conventional thought?,https://www.tessexperiments.org/study/quadlin1688,2023.0,False,no,,,,,,,,False,False,False,False,False,agreed
xykr7,seen,1,Parental Incarceration and School Discipline: Examining the Effect of Parental Incarceration on Teacher Decision-Making,https://www.tessexperiments.org/study/knaphus745,2016.0,True,yes,2018.0,Emily Knaphus-Soran,Stigma and the Educational Experience of Children of Incarcerated Parents,"PhD dissertation, University of Washington (ResearchWorks, available 20 Jan 2018)",http://hdl.handle.net/1773/40972,,1.0,True,True,False,True,True,adjudicated
xym9d,unseen,18,Does Harsh Language Referring to Immigrants Translate into Harsher Preferences for Immigration Policies – Or Is It All Politics?,https://www.tessexperiments.org/study/shannonS28,2018.0,False,no,,,,,,,,False,False,False,False,False,agreed
ye2ej,seen,64,The Wages of Parenthood: At the Intersection of Sexual Orientation and Child Caregiving,https://www.tessexperiments.org/study/demerjian628,2015.0,True,yes,2016.0,"Demerjian, Sascha W.","The Wages of Parenthood: At the Intersection of Gender, Child Caregiving, and Sexual Orientation","Doctoral dissertation, Emory University",,,,True,True,False,True,True,agreed
yg958,seen,1,Do Messages That Encourage the Use of They/Them Pronouns Influence Public Opinion?,https://www.tessexperiments.org/study/bolsenM6,2022.0,True,yes,2024.0,"Bolsen, Toby; Thornton, Judd R.",Do norm-based appeals affect the acceptance of the singular use of they/them pronouns?,Research & Politics,https://journals.sagepub.com/doi/10.1177/20531680241264078,10.1177/20531680241264078,2.0,True,True,False,True,True,agreed
yh2ef,seen,5,"Attitudes, Rhetoric, and Acceptance of Political Compromise",https://www.tessexperiments.org/study/ryan384,2013.0,True,yes,2014.0,"Ryan, Timothy J.",No Compromise: The Politics of Moral Conviction,"PhD Dissertation, University of Michigan (Deep Blue repository)",https://deepblue.lib.umich.edu/handle/2027.42/108920,,0.0,True,True,False,True,True,agreed
yjvpn,unseen,21,The De-gendering and Dehumanization of Transgender People,https://www.tessexperiments.org/study/kubicki1576,2023.0,False,no,,,,,,,,False,False,False,False,False,agreed
yp736,unseen,8,Politics and purity: The effect of elite partisan cues on pathogen perceptions,https://www.tessexperiments.org/study/relihan1399,2021.0,False,yes,2022.0,Daniel P. Relihan,The Politics of Pathogens and Pandemics,"PhD dissertation, University of California, Irvine (eScholarship; full text embargoed until 27 Jun 2024)",https://escholarship.org/uc/item/2v62f6ch,,,True,True,False,False,True,adjudicated
yv2ta,seen,301,Opting into Work-Family Policies: Comparing the Effects of Material and Cultural Concerns,https://www.tessexperiments.org/study/pedulla821,2016.0,True,yes,2022.0,Sarah Thébaud and David S. Pedulla,When Do Work-Family Policies Work? Unpacking the Effects of Stigma and Financial Costs for Men and Women,"Work and Occupations, 49(2), 229-263",https://journals.sagepub.com/doi/10.1177/07308884211069914,10.1177/07308884211069914,54.0,True,True,False,True,True,agreed
z358z,seen,7,Randomized Drug Trials without Consent? The Public's Perspective,https://www.tessexperiments.org/study/nayak609,2014.0,False,yes,2015.0,"Nayak, Rahul K., David Wendler, Franklin G. Miller, and Scott Y. H. Kim",Pragmatic Randomized Trials Without Standard Informed Consent?: A National Survey,Annals of Internal Medicine,https://doi.org/10.7326/M15-0817,10.7326/M15-0817,56.0,True,True,False,True,True,agreed
zaqkm,seen,551,"Causal Attributions, Treatability, and Mental Illness Stigma: An Experimental Study",https://www.tessexperiments.org/study/elliottM14,2022.0,False,yes,2024.0,"Marta Elliott, James M. Ragsdale, and Megan E. LaMotte","Causal Explanations, Treatability, and Mental Illness Stigma: Experimental Study","Psychiatric Services, 75(2), 131-138",https://psychiatryonline.org/doi/10.1176/appi.ps.20230169,10.1176/appi.ps.20230169,10.0,True,True,False,True,True,agreed
zmtbw,seen,12,Does Political Incivility Polarize? Considering the Role of Intergroup Dynamics,https://www.tessexperiments.org/study/gervais1424,2021.0,True,no,,,,,,,,True,False,False,True,True,adjudicated
ztwqy,unseen,4,Understanding the Expense Prediction Bias,https://www.tessexperiments.org/study/howard823,2016.0,True,yes,2022.0,"Howard, Ray Charles (Chuck), David J. Hardisty, Abigail B. Sussman, and Marcel F. Lukas","Understanding and Neutralizing the Expense Prediction Bias: The Role of Accessibility, Typicality, and Skewness",Journal of Marketing Research,https://doi.org/10.1177/00222437211068025,10.1177/00222437211068025,20.0,True,True,False,True,True,agreed
zv3wc,seen,22,Portrayals of Serious Mental Illness: Precursor to Violence or Treatable Health Condition?,https://www.tessexperiments.org/study/mcginty730,2016.0,True,yes,2018.0,"McGinty, Emma E.; Goldman, Howard H.; Pescosolido, Bernice A.; Barry, Colleen L.",Communicating about Mental Illness and Violence: Balancing Stigma and Increased Support for Services,"Journal of Health Politics, Policy and Law",https://doi.org/10.1215/03616878-4303507,10.1215/03616878-4303507,61.0,True,True,False,True,True,agreed
zx5b8,seen,10,Do the benefits of receiving affectionate touch generalize beyond satisfied couples?,https://www.tessexperiments.org/study/jakubiak1098,2019.0,False,yes,2022.0,"Jakubiak, Brett K.",Affectionate touch in satisfying and dissatisfying romantic relationships,Journal of Social and Personal Relationships,https://journals.sagepub.com/doi/abs/10.1177/02654075221077280,10.1177/02654075221077280,27.0,True,True,False,True,True,agreed
